epoch,time,train/box_loss,train/cls_loss,train/dfl_loss,metrics/precision(B),metrics/recall(B),metrics/mAP50(B),metrics/mAP50-95(B),val/box_loss,val/cls_loss,val/dfl_loss,lr/pg0,lr/pg1,lr/pg2
1,168.071,1.23208,2.57079,1.08998,0.12384,1,0.68768,0.43297,1.10895,2.57154,0.92252,0.000649123,0.000649123,0.000649123
2,349.646,1.12451,1.14807,0.98418,0.96775,0.91442,0.97668,0.63068,1.16157,1.56178,0.93788,0.00127237,0.00127237,0.00127237
3,513.35,1.06673,0.75458,0.99838,0.98894,0.99861,0.99311,0.63467,1.19415,0.76709,1.13404,0.00185161,0.00185161,0.00185161
4,708.94,1.09748,0.69289,1.0027,0.9747,0.99799,0.98964,0.70508,1.01916,0.99937,1.02776,0.001802,0.001802,0.001802
5,168.212,1.04121,0.65679,0.9849,0.9853,1,0.99375,0.68299,1.1013,0.92853,1.05785,0.001736,0.001736,0.001736
6,338.256,1.0599,0.63056,0.97795,0.99297,1,0.99457,0.71866,1.03497,0.57673,1.00121,0.00167,0.00167,0.00167
7,502.11,0.99156,0.59347,0.97157,0.99427,1,0.99329,0.70962,1.01819,0.55797,0.98813,0.001604,0.001604,0.001604
8,666.083,0.99076,0.57271,0.96093,0.99544,0.9978,0.99427,0.72984,0.97258,0.53132,0.98988,0.001538,0.001538,0.001538
9,829.349,0.9862,0.56901,0.9674,0.99645,0.99844,0.99427,0.74315,0.94446,0.50856,0.97784,0.001472,0.001472,0.001472
10,993.323,0.97313,0.52903,0.9565,0.99595,0.99983,0.99377,0.72986,0.97701,0.5082,0.98691,0.001406,0.001406,0.001406
11,1157.84,0.95632,0.52967,0.95134,0.99624,0.99848,0.99458,0.72092,1.00244,0.49744,0.9984,0.00134,0.00134,0.00134
12,1322.15,0.9605,0.52136,0.95454,0.99625,1,0.9938,0.71988,1.03992,0.50717,1.02533,0.001274,0.001274,0.001274
